구분,화장실명,소재지도로명주소,소재지지번주소,남녀공용화장실여부,남성용-대변기수,남성용-소변기수,남성용-장애인용대변기수,남성용-장애인용소변기수,남성용-어린이용대변기수,남성용-어린이용소변기수,여성용-대변기수,여성용-장애인용대변기수,여성용-어린이용대변기수,관리기관명,전화번호,개방시간,설치년도,위도,경도,데이터기준일자
공중화장실,가락시장,서울특별시송파구송파대로지하257,서울특별시송파구송파대로지하257,N,12,7,1,0,1,0,16,1,1,서울교통공사,02-6311-8171,05:00~01:00,16-Nov,37.495002,127.110205,2018-02-28
공중화장실,가락시장(게이트내),서울특별시송파구송파대로지하257,서울특별시송파구가락동298번지,N,1,1,0,0,0,1,8,0,3,서울교통공사,02-6110-3501,05:00~01:00,10-Jan,37.492898,127.118058,2018-02-28
공중화장실,가락시장(게이트외),서울특별시송파구송파대로지하257,서울특별시송파구가락동298번지,N,3,3,2,0,0,1,11,2,3,서울교통공사,02-6110-3501,05:00~01:00,10-Jan,37.492898,127.118058,2018-02-28
공중화장실,가산디지털단지,서울특별시금천구벚꽃로309,서울특별시금천구벚꽃로309,N,8,5,1,0,0,0,7,1,0,서울교통공사,02-6311-7461,05:00~01:00,Apr-00,37.479597,126.879888,2018-02-28
공중화장실,강동,서울특별시강동구천호대로지하1097,서울특별시강동구천호대로지하1097,N,13,8,1,0,1,0,13,1,1,서울교통공사,02-6311-5481,05:00~01:00,12-Oct,37.53594,127.1299,2018-02-28
공중화장실,강남,서울특별시강남구강남대로지하396,서울특별시강남구역삼동821-1,N,4,3,2,0,0,1,8,2,0,서울교통공사,02-6110-2221,05:00~01:00,09-Jan,37.498128,127.028303,2018-02-28
공중화장실,강남구청,서울특별시강남구학동로지하346,서울특별시강남구학동로지하346,N,8,5,1,0,0,0,5,1,0,서울교통공사,02-6311-7301,05:00~01:00,01-Feb,37.517473,127.03898,2018-02-28
공중화장실,강동구청,서울특별시강동구올림픽로지하550,서울특별시강동구올림픽로지하550,N,9,6,1,0,0,0,7,1,0,서울교통공사,02-6311-8121,05:00~01:00,Aug-99,37.538374,127.115484,2018-02-28
공중화장실,강변,서울특별시광진구강변역로53,서울특별시광진구구의3동546-6,N,5,5,2,0,1,1,14,2,1,서울교통공사,02-6110-2141,05:00~01:00,09-Jan,37.535421,127.094533,2018-02-28
공중화장실,개롱,서울특별시송파구오금로지하402,서울특별시송파구오금로지하402,N,6,3,1,0,1,0,6,1,1,서울교통공사,02-6311-5581,05:00~01:00,13-Oct,37.498162,127.132471,2018-02-28
공중화장실,개화산,서울특별시강서구양천로22,서울특별시강서구양천로22,N,5,3,1,1,1,0,5,1,1,서울교통공사,02-6311-5111,05:00~01:00,15-Dec,37.572455,126.80465,2018-02-28
공중화장실,거여,서울특별시송파구오금로지하499,서울특별시송파구오금로지하499,N,6,3,1,0,1,0,6,1,1,서울교통공사,02-6311-5591,05:00~01:00,13-Oct,37.494249,127.13979,2018-02-28
공중화장실,건대입구,서울특별시광진구아차산로243,서울특별시광진구화양동7-3,N,8,10,2,0,1,1,21,2,1,서울교통공사,02-6110-2121,05:00~01:00,09-Jan,37.540749,127.069001,2018-02-28
공중화장실,건대입구,서울특별시광진구능동로지하110,서울특별시광진구능동로지하110,N,12,7,1,0,1,0,12,1,1,서울교통공사,02-6311-7271,05:00~01:00,13-Oct,37.540389,127.067047,2018-02-28
공중화장실,경복궁,서울특별시종로구사직로지하130,서울특별시종로구적선동81-1,N,6,6,1,0,0,0,6,1,0,서울교통공사,02-6110-3271,05:00~01:00,Jan-00,37.57582,126.973058,2018-02-28
공중화장실,경찰병원(게이트내),서울특별시송파구중대로지하149,서울특별시송파구가락본동58번지,N,3,2,0,0,1,1,4,0,1,서울교통공사,02-6110-3511,05:00~01:00,10-Jan,37.498322,127.125676,2018-02-28
공중화장실,경찰병원(게이트외),서울특별시송파구중대로지하149,서울특별시송파구가락본동58번지,N,3,3,2,0,0,1,13,2,2,서울교통공사,02-6110-3511,05:00~01:00,10-Jan,37.498322,127.125676,2018-02-28
공중화장실,고덕,서울특별시강동구고덕로지하253,서울특별시강동구고덕로지하253,N,6,3,1,0,1,0,6,1,1,서울교통공사,02-6311-5521,05:00~01:00,12-Oct,37.555051,127.151921,2018-02-28
공중화장실,고려대,서울특별시성북구종암로지하1,서울특별시성북구종암로지하1,N,7,3,0,0,0,0,7,0,0,서울교통공사,02-6311-6401,05:00~01:00,17-Jul,37.590401,127.03367,2018-02-28
공중화장실,고속터미널,서울특별시서초구신반포로지하188,서울특별시서초구신반포로지하188,N,7,5,1,0,0,0,6,1,0,서울교통공사,02-6311-7341,05:00~01:00,01-Jan,37.504914,127.002726,2018-02-28
공중화장실,공릉,서울특별시노원구동일로지하1074,서울특별시노원구동일로지하1074,N,6,3,1,0,1,0,6,1,1,서울교통공사,02-6311-7161,05:00~01:00,10-Nov,37.625787,127.070705,2018-02-28
공중화장실,공덕(5),서울특별시마포구마포대로지하100,서울특별시마포구마포대로지하100,N,8,5,1,0,0,0,8,1,0,서울교통공사,02-6311-5291,05:00~01:00,07-Sep,37.54322,126.949387,2018-02-28
공중화장실,공덕(6),서울특별시마포구백범로지하200,서울특별시마포구백범로지하200,N,8,5,1,0,0,0,5,1,0,서울교통공사,02-6311-5291,05:00~01:00,01-Jun,37.54322,126.949387,2018-02-28
공중화장실,광나루,서울특별시광진구아차산로지하571,서울특별시광진구아차산로지하571,N,11,6,1,0,1,0,13,1,1,서울교통공사,02-6311-5461,05:00~01:00,12-Oct,37.545332,127.101417,2018-02-28
공중화장실,광명사거리,경기도광명시오리로지하980,경기도광명시오리로지하980,N,9,6,1,0,0,0,9,1,0,서울교통공사,02-6311-7481,05:00~01:00,Jan-00,37.479307,126.852486,2018-02-28
공중화장실,광화문,서울특별시종로구세종대로지하172,서울특별시종로구세종대로지하172,N,8,5,1,0,0,0,8,1,0,서울교통공사,02-6311-5331,05:00~01:00,06-Jul,37.568666,126.969794,2018-02-28
공중화장실,광흥창,서울특별시마포구독막로지하165,서울특별시마포구독막로지하165,N,8,4,0,0,0,0,8,0,0,서울교통공사,02-6311-6241,05:00~01:00,17-Jul,37.547478,126.929666,2018-02-28
공중화장실,교대(2),서울특별시서초구서초대로지하294,서울특별시서초구서초1동1715-9,N,5,3,1,0,0,0,9,1,0,서울교통공사,02-6110-2231,05:00~01:00,04-Jan,37.494847,127.017286,2018-02-28
공중화장실,교대(3),서울특별시서초구서초대로지하294,서울특별시서초구서초3동1715-9,N,6,5,2,0,2,1,17,2,3,서울교통공사,02-6110-3401,05:00~01:00,09-Jan,37.494847,127.017286,2018-02-28
공중화장실,구산,서울특별시은평구연서로지하137-1,서울특별시은평구연서로지하137-1,N,9,7,1,0,0,0,4,1,0,서울교통공사,02-6311-6151,05:00~01:00,01-Mar,37.611025,126.915399,2018-02-28
공중화장실,구로디지털단지,서울특별시구로구도림천로477,서울특별시구로구구로3동810-3,N,3,5,2,0,0,1,9,2,0,서울교통공사,02-6110-2321,05:00~01:00,09-Jan,37.485127,126.901529,2018-02-28
공중화장실,구의,서울특별시광진구아차산로384-1,서울특별시광진구구의동245-24,N,3,2,2,0,0,1,7,2,1,서울교통공사,02-6110-2131,05:00~01:00,08-Jan,37.538283,127.090755,2018-02-28
공중화장실,구파발,서울특별시은평구진관2로지하15-25,서울특별시은평구진관내동533,N,4,4,2,0,1,1,9,2,2,서울교통공사,02-6110-3201,05:00~01:00,10-Jan,37.637537,126.918588,2018-02-28
공중화장실,군자,서울특별시광진구천호대로지하550,서울특별시광진구천호대로지하550,N,12,6,1,0,1,0,18,1,1,서울교통공사,02-6311-5441,05:00~01:00,10-Nov,37.557336,127.0774,2018-02-28
공중화장실,굴포천,인천광역시부평구길주로지하623,인천광역시부평구길주로지하623,N,12,6,1,0,1,0,12,1,1,서울교통공사,02-6311-7581,05:00~01:00,12-Oct,37.508231,126.723624,2018-02-28
공중화장실,굽은다리,서울특별시강동구양재대로지하1572,서울특별시강동구양재대로지하1572,N,7,4,1,0,0,0,7,1,0,서울교통공사,02-6311-5501,05:00~01:00,07-Sep,37.545539,127.140717,2018-02-28
공중화장실,금호,서울특별시성동구동호로지하104,서울특별시성동구금호4가1470,N,6,7,2,0,0,0,5,2,0,서울교통공사,02-6110-3341,05:00~01:00,09-Jan,37.548038,127.015883,2018-02-28
공중화장실,길동,서울특별시강동구양재대로지하1480,서울특별시강동구양재대로지하1480,N,7,4,1,0,1,0,7,1,1,서울교통공사,02-6311-5491,05:00~01:00,14-Oct,37.537769,127.137803,2018-02-28
공중화장실,길음,서울특별시성북구동소문로지하248,서울특별시성북구길음1동877-66,N,7,4,2,0,2,1,14,2,2,서울교통공사,02-6110-4171,05:00~01:00,13-Jan,37.603225,127.024965,2018-02-28
공중화장실,김포공항,서울특별시강서구하늘길지하77,서울특별시강서구하늘길지하77,N,7,4,1,0,0,0,7,1,0,서울교통공사,02-6311-5121,05:00~01:00,06-Dec,37.561829,126.799739,2018-02-28
공중화장실,김포공항,서울특별시강서구하늘길지하77,서울특별시강서구하늘길지하77,N,3,2,0,0,0,0,2,0,0,서울교통공사,02-6311-5121,05:00~01:00,06-Dec,37.561829,126.799739,2018-02-28
공중화장실,까치산,서울특별시강서구강서로지하54,서울특별시강서구강서로지하54,N,15,8,1,0,1,0,16,1,1,서울교통공사,02-6311-5181,05:00~01:00,09-Oct,37.531768,126.844517,2018-02-28
공중화장실,까치울,경기도부천시원미구길주로지하626,경기도부천시원미구길주로지하626,N,7,4,1,0,0,0,11,1,0,서울교통공사,02-6311-7511,05:00~01:00,12-Oct,37.506233,126.80917,2018-02-28
공중화장실,낙성대,서울특별시관악구남부순환로지하1928,서울특별시관악구봉천6동1693-38,N,6,4,2,0,1,1,12,2,2,서울교통공사,02-6110-2271,05:00~01:00,10-Jan,37.477028,126.963396,2018-02-28
공중화장실,남성,서울특별시동작구사당로지하218,서울특별시동작구사당로지하218,N,8,5,1,0,0,0,8,1,0,서울교통공사,02-6311-7371,05:00~01:00,01-Jan,37.484876,126.968484,2018-02-28
공중화장실,남구로,서울특별시구로구도림로지하7,서울특별시구로구도림로지하7,N,8,4,1,0,0,0,8,1,0,서울교통공사,02-6311-7451,05:00~01:00,11-Oct,37.486051,126.885062,2018-02-28
공중화장실,남부터미널,서울특별시서초구서초중앙로지하31,서울특별시강남구서초3동1446-1,N,4,5,2,0,1,1,9,2,1,서울교통공사,02-6110-3411,05:00~01:00,09-Jan,37.486661,127.015218,2018-02-28
공중화장실,남태령,서울특별시서초구과천대로지하816,서울특별시서초구방배2동2909,N,3,4,2,0,0,0,3,2,0,서울교통공사,02-6110-4341,05:00~01:00,06-Jan,37.464364,126.98927,2018-02-28
공중화장실,남한산성입구,경기도성남시수정구산성대로지하445,경기도성남시수정구산성대로지하445,N,8,5,1,0,1,0,8,1,1,서울교통공사,02-6311-8221,05:00~01:00,09-Oct,37.451541,127.157632,2018-02-28
공중화장실,내방,서울특별시서초구서초대로지하103,서울특별시서초구서초대로지하103,N,10,7,1,0,0,0,7,1,0,서울교통공사,02-6311-7351,05:00~01:00,01-Jan,37.487707,126.991409,2018-02-28
공중화장실,노원,서울특별시노원구동일로지하1409,서울특별시노원구동일로지하1409,N,7,4,1,0,0,0,7,1,0,서울교통공사,02-6311-7131,05:00~01:00,06-Jul,37.654527,127.058362,2018-02-28
공중화장실,노원,서울특별시노원구상계로69-1,서울특별시노원구상계2동335,N,8,5,2,0,2,1,17,2,2,서울교통공사,02-6110-4111,05:00~01:00,13-Jan,37.655867,127.061991,2018-02-28
공중화장실,녹번,서울특별시은평구통일로지하602-1,서울특별시은평구녹번동48,N,7,10,1,0,0,0,7,1,0,서울교통공사,02-6110-3231,05:00~01:00,02-Jan,37.600702,126.936005,2018-02-28
공중화장실,녹사평,서울특별시용산구녹사평대로지하195,서울특별시용산구녹사평대로지하195,N,10,7,1,0,0,0,9,1,0,서울교통공사,02-6311-6291,05:00~01:00,01-Jun,37.534945,126.983163,2018-02-28
공중화장실,논현,서울특별시강남구학동로지하102,서울특별시강남구학동로지하102,N,15,11,1,0,0,0,14,1,0,서울교통공사,02-6311-7321,05:00~01:00,01-Jan,37.511206,127.019539,2018-02-28
공중화장실,논현,서울특별시강남구학동로지하102,서울특별시강남구학동로지하102,N,0,0,1,0,0,0,0,1,0,서울교통공사,02-6311-7321,05:00~01:00,16-Nov,37.511206,127.019539,2018-02-28
공중화장실,단대오거리,경기도성남시수정구산성대로지하365,경기도성남시수정구산성대로지하365,N,7,4,1,0,1,0,7,1,1,서울교통공사,02-6311-8231,05:00~01:00,09-Oct,37.445163,127.154033,2018-02-28
공중화장실,답십리,서울특별시성동구천호대로지하300,서울특별시성동구천호대로지하300,N,9,6,1,0,0,0,9,1,0,서울교통공사,02-6311-5421,05:00~01:00,08-Dec,37.567072,127.050193,2018-02-28
공중화장실,당고개(1층),서울특별시노원구상계로305,서울특별시노원구상계4동111,N,3,5,2,1,0,1,3,2,0,서울교통공사,02-6110-4091,05:00~01:00,10-Jan,37.670556,127.079306,2018-02-28
공중화장실,당고개(2층),서울특별시노원구상계로305,서울특별시노원구상계4동111,N,5,8,1,0,0,1,7,1,0,서울교통공사,02-6110-4091,05:00~01:00,10-Jan,37.670556,127.079306,2018-02-28
공중화장실,당산,서울특별시영등포구당산로229,서울특별시영등포구당산동5가323-1,N,4,3,2,0,0,1,10,2,1,서울교통공사,02-6110-2371,05:00~01:00,08-Jan,37.534931,126.90273,2018-02-28
공중화장실,대림,서울특별시영등포구도림로지하137,서울특별시영등포구도림로지하137,N,8,5,1,0,0,0,8,1,0,서울교통공사,02-6311-7441,05:00~01:00,01-Jan,37.492981,126.893984,2018-02-28
공중화장실,대흥,서울특별시마포구대흥로지하85,서울특별시마포구대흥로지하85,N,7,3,0,0,0,0,5,0,0,서울교통공사,02-6311-6251,05:00~01:00,17-Jul,37.547674,126.940143,2018-02-28
공중화장실,대림,서울특별시구로구도림천로351,서울특별시구로구구로6동125-66,N,8,7,2,0,2,1,16,2,2,서울교통공사,02-6110-2331,05:00~01:00,10-Jan,37.492504,126.894962,2018-02-28
공중화장실,대청,서울특별시강남구일원로지하2,서울특별시강남구개포동18-10,N,3,3,1,0,0,0,5,1,0,서울교통공사,02-6110-3471,05:00~01:00,04-Jan,37.493686,127.079479,2018-02-28
공중화장실,대치,서울특별시강남구남부순환로지하2952,서울특별시강남구대치2동509,N,4,5,1,0,0,0,6,1,0,서울교통공사,02-6110-3451,05:00~01:00,04-Jan,37.494543,127.063426,2018-02-28
공중화장실,도곡,서울특별시강남구남부순환로지하2814,서울특별시강남구도곡2동467-5,N,4,4,1,0,0,0,6,1,0,서울교통공사,02-6110-3441,05:00~01:00,04-Jan,37.490825,127.055306,2018-02-28
공중화장실,도림천,서울특별시구로구경인로67길160,서울특별시구로구신도림동271-62,N,2,4,2,0,0,0,2,2,0,서울교통공사,02-6110-2441,05:00~01:00,06-Jan,37.514401,126.882685,2018-02-28
공중화장실,도봉산,서울특별시도봉구도봉로964-40,서울특별시도봉구도봉로964-40,N,6,3,1,0,0,0,6,1,0,서울교통공사,02-6311-7101,05:00~01:00,16-Nov,37.689596,127.044006,2018-02-28
공중화장실,도봉산,서울특별시도봉구도봉로964-40,서울특별시도봉구도봉로964-40,N,10,7,1,0,1,0,10,1,1,서울교통공사,02-6311-7101,05:00~01:00,14-Oct,37.689596,127.044006,2018-02-28
공중화장실,독립문,서울특별시서대문구통일로지하247,서울특별시서대문구현저동101,N,4,4,2,0,1,1,9,2,2,서울교통공사,02-6110-3261,05:00~01:00,12-Jan,37.574301,126.955918,2018-02-28
공중화장실,독바위,서울특별시은평구불광로지하129-1,서울특별시은평구불광로지하129-1,N,9,7,1,0,0,0,4,1,0,서울교통공사,02-6311-6131,05:00~01:00,17-Jul,37.618387,126.930848,2018-02-28
공중화장실,돌곶이,서울특별시성북구화랑로지하243,서울특별시성북구화랑로지하243,N,8,5,1,1,0,0,7,1,0,서울교통공사,02-6311-6431,05:00~01:00,01-May,37.610493,127.054214,2018-02-28
공중화장실,동대문(1),서울특별시종로구종로지하302,서울특별시종로구창신1동552,N,3,5,1,0,0,0,4,1,0,서울교통공사,02-6110-1281,05:00~01:00,01-Jan,37.571743,127.011169,2018-02-28
공중화장실,동대문(4),서울특별시종로구율곡로지하308,서울특별시종로구종로6가69,N,4,4,1,0,0,0,5,1,0,서울교통공사,02-6110-4211,05:00~01:00,10-Jan,37.570385,127.009529,2018-02-28
공중화장실,동대문역사문화공원,서울특별시중구마른내로지하162,서울특별시중구마른내로지하162,N,7,4,1,0,1,0,9,1,1,서울교통공사,02-6311-5361,05:00~01:00,09-Dec,37.565102,127.005576,2018-02-28
공중화장실,동대문역사문화공원(2),서울특별시중구을지로지하279,서울특별시중구을지로7가1,N,4,8,2,0,0,0,21,2,0,서울교통공사,02-6110-2051,05:00~01:00,10-Jan,37.565718,127.008485,2018-02-28
공중화장실,동대문역사문화공원(4)(지하1층),서울특별시중구장충단로지하230,서울특별시중구광희동1가194,N,3,4,2,0,1,0,13,2,1,서울교통공사,02-6110-4221,05:00~01:00,10-Jan,37.564478,127.007159,2018-02-28
공중화장실,동대문역사문화공원(4)(지하2층),서울특별시중구장충단로지하230,서울특별시중구광희동1가194,N,3,3,2,0,1,0,9,2,1,서울교통공사,02-6110-4221,05:00~01:00,10-Jan,37.564478,127.007159,2018-02-28
공중화장실,동대입구,서울특별시중구동호로지하256,서울특별시중구장충동2가189-2,N,5,4,2,0,1,1,10,2,2,서울교통공사,02-6110-3321,05:00~01:00,10-Jan,37.559227,127.005275,2018-02-28
공중화장실,동묘앞,서울특별시종로구지봉로지하24,서울특별시종로구지봉로지하24,N,7,5,1,0,0,0,5,1,0,서울교통공사,02-6311-6361,05:00~01:00,01-Jan,37.572729,127.013819,2018-02-28
공중화장실,동묘앞(1층),서울특별시종로구종로359,서울특별시종로구숭인동117번지,N,2,1,0,0,1,0,3,0,0,서울교통공사,02-6110-1271,05:00~01:00,05-Jan,37.573281,127.016649,2018-02-28
공중화장실,동묘앞(대합실하선),서울특별시종로구종로359,서울특별시종로구숭인동117번지,N,3,3,0,0,1,0,4,0,0,서울교통공사,02-6110-1271,05:00~01:00,05-Jan,37.573281,127.016649,2018-02-28
공중화장실,동묘앞(상선승강장),서울특별시종로구종로359,서울특별시종로구숭인동117번지,N,2,3,0,0,0,0,5,0,1,서울교통공사,02-6110-1271,05:00~01:00,05-Jan,37.573281,127.016649,2018-02-28
공중화장실,동묘앞(하선승강장),서울특별시종로구종로359,서울특별시종로구숭인동117번지,N,2,1,0,0,0,0,7,0,1,서울교통공사,02-6110-1271,05:00~01:00,05-Jan,37.573281,127.016649,2018-02-28
공중화장실,동작,서울특별시동작구현충로257,서울특별시동작구동작동121-5,N,6,4,2,1,1,1,7,2,1,서울교통공사,02-6110-4311,05:00~01:00,10-Jan,37.503465,126.979927,2018-02-28
공중화장실,둔촌역,서울특별시강동구양재대로지하1369,서울특별시강동구양재대로지하1369,N,8,5,1,0,0,0,8,1,0,서울교통공사,02-6311-5541,05:00~01:00,08-Dec,37.527657,127.134042,2018-02-28
공중화장실,디지털미디어시티,서울특별시은평구수색로지하175,서울특별시은평구수색로지하175,N,18,13,1,0,0,0,11,1,0,서울교통공사,02-6311-6181,05:00~01:00,01-Mar,37.577964,126.898232,2018-02-28
공중화장실,디지털미디어시티,서울특별시은평구수색로지하175,서울특별시은평구수색로지하175,N,7,5,1,0,0,0,4,1,0,서울교통공사,02-6311-6181,05:00~01:00,01-Mar,37.577964,126.898232,2018-02-28
공중화장실,뚝섬,서울특별시성동구아차산로18,서울특별시성동구성수1가656-745,N,7,4,2,0,2,1,13,2,2,서울교통공사,02-6110-2101,05:00~01:00,12-Jan,37.547177,127.04738,2018-02-28
공중화장실,뚝섬유원지,서울특별시광진구능동로10,서울특별시광진구능동로10,N,10,7,1,0,0,0,6,1,0,서울교통공사,02-6311-7281,05:00~01:00,01-Feb,37.531537,127.064502,2018-02-28
공중화장실,마곡,서울특별시강서구공항대로지하163,서울특별시강서구공항대로지하163,N,7,5,1,0,0,0,7,1,0,서울교통공사,02-6311-5141,05:00~01:00,08-May,37.561084,126.823603,2018-02-28
공중화장실,마들,서울특별시노원구동일로지하1530-1,서울특별시노원구동일로지하1530-1,N,13,7,1,0,1,0,13,1,1,서울교통공사,02-6311-7121,05:00~01:00,14-Oct,37.665375,127.055425,2018-02-28
공중화장실,마장,서울특별시성동구마장로지하296,서울특별시성동구마장로지하296,N,6,3,1,0,1,0,6,1,1,서울교통공사,02-6311-5411,05:00~01:00,13-Nov,37.566127,127.040776,2018-02-28
공중화장실,마천,서울특별시송파구마천로57길지하7,서울특별시송파구마천로57길지하7,N,12,7,1,0,1,0,15,1,1,서울교통공사,02-6311-5601,05:00~01:00,09-Oct,37.49502,127.150601,2018-02-28
공중화장실,마포,서울특별시마포구마포대로지하33,서울특별시마포구마포대로지하33,N,8,5,1,0,0,0,8,1,0,서울교통공사,02-6311-5281,05:00~01:00,07-Sep,37.539705,126.943851,2018-02-28
공중화장실,마포구청,서울특별시마포구월드컵로지하190,서울특별시마포구월드컵로지하190,N,8,5,1,0,0,0,7,1,0,서울교통공사,02-6311-6201,05:00~01:00,01-Mar,37.563418,126.901283,2018-02-28
공중화장실,마포구청,서울특별시마포구월드컵로지하190,서울특별시마포구월드컵로지하190,N,6,4,1,0,0,0,4,1,0,서울교통공사,02-6311-6201,05:00~01:00,01-Mar,37.563418,126.901283,2018-02-28
공중화장실,망원,서울특별시마포구월드컵로지하77,서울특별시마포구월드컵로지하77,N,6,3,0,0,0,0,6,0,0,서울교통공사,02-6311-6211,05:00~01:00,17-Jul,37.555757,126.907718,2018-02-28
공중화장실,매봉,서울특별시강남구남부순환로지하2744,서울특별시강남구도곡2동464-1,N,4,6,1,0,0,0,6,1,0,서울교통공사,02-6110-3431,05:00~01:00,03-Jan,37.486941,127.046621,2018-02-28
공중화장실,먹골,서울특별시중랑구동일로지하901,서울특별시중랑구동일로지하901,N,9,5,1,0,1,0,10,1,1,서울교통공사,02-6311-7181,05:00~01:00,14-Oct,37.61078,127.075518,2018-02-28
공중화장실,면목,서울특별시중랑구면목로지하407,서울특별시중랑구면목로지하407,N,11,6,1,0,1,0,12,1,1,서울교통공사,02-6311-7211,05:00~01:00,09-Oct,37.588745,127.085305,2018-02-28
공중화장실,명일,서울특별시강동구양재대로지하1632,서울특별시강동구양재대로지하1632,N,8,5,1,0,0,0,8,1,0,서울교통공사,02-6311-5511,05:00~01:00,08-Dec,37.55131,127.141825,2018-02-28
공중화장실,명동,서울특별시중구퇴계로지하126,서울특별시중구충무로1가64,N,5,6,1,0,0,0,9,1,0,서울교통공사,02-6110-4241,05:00~01:00,01-Jan,37.560822,126.985356,2018-02-28
공중화장실,모란,경기도성남시수정구산성대로지하100,경기도성남시수정구산성대로지하100,N,10,5,1,0,1,0,10,1,1,서울교통공사,02-6311-8261,05:00~01:00,13-Nov,37.433072,127.127123,2018-02-28
공중화장실,목동,서울특별시양천구오목로지하245,서울특별시양천구오목로지하245,N,7,4,1,0,0,0,7,1,0,서울교통공사,02-6311-5201,05:00~01:00,06-Jul,37.526072,126.862112,2018-02-28
공중화장실,몽촌토성,서울특별시송파구올림픽로지하383,서울특별시송파구올림픽로지하383,N,6,3,1,0,1,0,6,1,1,서울교통공사,02-6311-8131,05:00~01:00,10-Nov,37.517641,127.110551,2018-02-28
공중화장실,무악재,서울특별시서대문구통일로지하361,서울특별시서대문구홍제4동26-1,N,3,3,1,0,0,0,3,1,0,서울교통공사,02-6110-3251,05:00~01:00,02-Jan,37.582361,126.950438,2018-02-28
공중화장실,문정,서울특별시송파구송파대로지하179,서울특별시송파구송파대로지하179,N,8,5,1,0,1,0,8,1,1,서울교통공사,02-6311-8181,05:00~01:00,15-Dec,37.495002,127.103639,2018-02-28
공중화장실,문래,서울특별시영등포구당산로지하28,서울특별시영등포구문래동3가54,N,5,7,2,0,1,1,15,2,2,서울교통공사,02-6110-2351,05:00~01:00,11-Jan,37.517887,126.894751,2018-02-28
공중화장실,미아,서울특별시강북구도봉로지하198,서울특별시강북구미아3동197-14,N,5,6,1,0,0,0,7,1,0,서울교통공사,02-6110-4151,05:00~01:00,03-Jan,37.629878,127.024714,2018-02-28
공중화장실,미아사거리,서울특별시강북구도봉로지하50,서울특별시강북구미아4동71-5,N,6,5,2,0,1,1,13,2,1,서울교통공사,02-6110-4161,05:00~01:00,08-Jan,37.615104,127.030046,2018-02-28
공중화장실,반포,서울특별시서초구신반포로지하241,서울특별시서초구신반포로지하241,N,10,7,1,0,0,0,9,1,0,서울교통공사,02-6311-7331,05:00~01:00,01-Jan,37.508213,127.009658,2018-02-28
공중화장실,발산,서울특별시강서구공항대로지하267,서울특별시강서구공항대로지하267,N,7,4,1,0,1,0,8,1,1,서울교통공사,02-6311-5151,05:00~01:00,09-Jul,37.558683,126.835406,2018-02-28
공중화장실,방이,서울특별시송파구양재대로지하1127,서울특별시송파구양재대로지하1127,N,7,4,1,0,1,0,7,1,1,서울교통공사,02-6311-5561,05:00~01:00,13-Oct,37.508559,127.123771,2018-02-28
공중화장실,방화,서울특별시강서구금낭화로지하132,서울특별시강서구금낭화로지하132,N,7,4,1,0,1,0,7,1,1,서울교통공사,02-6311-5101,05:00~01:00,15-Dec,37.577622,126.810637,2018-02-28
공중화장실,방배,서울특별시서초구방배로지하80,서울특별시서초구방배동225,N,4,4,2,0,0,1,8,2,0,서울교통공사,02-6110-2251,05:00~01:00,09-Jan,37.481297,126.99732,2018-02-28
공중화장실,버티고개,서울특별시중구다산로지하38,서울특별시중구다산로지하38,N,7,5,1,0,0,0,4,1,0,서울교통공사,02-6311-6321,05:00~01:00,01-Aug,37.547892,127.004934,2018-02-28
공중화장실,보문,서울특별시성북구보문로지하116,서울특별시성북구보문로지하116,N,13,9,1,0,0,0,10,1,0,서울교통공사,02-6311-6381,05:00~01:00,01-Jan,37.58533,127.017202,2018-02-28
공중화장실,보라매,서울특별시동작구상도로지하2,서울특별시동작구상도로지하2,N,10,7,1,0,0,0,10,1,0,서울교통공사,02-6311-7421,05:00~01:00,01-Jan,37.499929,126.918093,2018-02-28
공중화장실,복정,서울특별시송파구송파대로지하6,서울특별시송파구송파대로지하6,N,12,7,1,0,1,0,13,1,1,서울교통공사,02-6311-8201,05:00~01:00,15-Dec,37.470375,127.124496,2018-02-28
공중화장실,봉천,서울특별시관악구남부순환로지하1721,서울특별시관악구봉천8동930-45,N,5,4,2,0,1,1,10,2,2,서울교통공사,02-6110-2291,05:00~01:00,10-Jan,37.482518,126.941481,2018-02-28
공중화장실,봉화산,서울특별시중랑구신내로지하232,서울특별시중랑구신내로지하232,N,8,5,1,0,0,0,6,1,0,서울교통공사,02-6311-6471,05:00~01:00,01-Jan,37.621869,127.079533,2018-02-28
공중화장실,부천시청,경기도부천시원미구길주로지하202,경기도부천시원미구길주로지하202,N,8,5,1,0,0,0,13,1,0,서울교통공사,02-6311-7551,05:00~01:00,12-Oct,37.504669,126.761413,2018-02-28
공중화장실,부천종합운동장,경기도부천시원미구길주로지하502,경기도부천시원미구길주로지하502,N,7,4,1,0,0,0,11,1,0,서울교통공사,02-6311-7521,05:00~01:00,12-Oct,37.505452,126.795309,2018-02-28
공중화장실,부천종합운동장,경기도부천시원미구길주로지하502,경기도부천시원미구길주로지하502,N,4,2,1,0,0,0,6,1,0,서울교통공사,02-6311-7521,05:00~01:00,12-Oct,37.505452,126.795309,2018-02-28
공중화장실,부평구청,인천광역시부평구길주로지하527,인천광역시부평구길주로지하527,N,17,12,1,0,0,0,18,1,0,서울교통공사,02-6311-7591,05:00~01:00,12-Oct,37.508073,126.718721,2018-02-28
공중화장실,부평구청,인천광역시부평구길주로지하527,인천광역시부평구길주로지하527,N,4,3,1,0,0,0,3,1,0,서울교통공사,02-6311-7591,05:00~01:00,12-Oct,37.508073,126.718721,2018-02-28
공중화장실,불광,서울특별시은평구통일로지하723-1,서울특별시은평구통일로지하723-1,N,9,7,1,0,0,0,4,1,0,서울교통공사,02-6311-6121,05:00~01:00,01-Mar,37.610098,126.928007,2018-02-28
공중화장실,불광,서울특별시은평구통일로지하723-1,서울특별시은평구불광1동281,N,3,3,1,0,0,0,4,1,0,서울교통공사,02-6110-3221,05:00~01:00,Jan-00,37.610483,126.929288,2018-02-28
공중화장실,사가정,서울특별시중랑구사가정로지하393,서울특별시중랑구사가정로지하393,N,7,5,1,0,1,0,7,1,1,서울교통공사,02-6311-7221,05:00~01:00,09-Jul,37.580966,127.086314,2018-02-28
공중화장실,사당(2)(낙성대역측),서울특별시동작구남부순환로지하2089,서울특별시동작구사당1동1112,N,7,6,2,0,2,1,15,2,2,서울교통공사,02-6110-2261,05:00~01:00,13-Jan,37.476484,126.981396,2018-02-28
공중화장실,사당(2)(방배역측),서울특별시동작구남부순환로지하2089,서울특별시동작구사당1동1112,N,3,3,1,0,0,0,6,1,0,서울교통공사,02-6110-2261,05:00~01:00,Jan-00,37.476484,126.981396,2018-02-28
공중화장실,사당(4)(지하1층남태령역측),서울특별시동작구동작대로지하3,서울특별시동작구사당1동1112,N,5,6,2,0,2,0,14,2,3,서울교통공사,02-6110-4331,05:00~01:00,09-Jan,37.476825,126.981583,2018-02-28
공중화장실,사당(4)(지하1층총신대역측),서울특별시동작구동작대로지하3,서울특별시동작구사당1동1112,N,4,3,2,0,1,1,7,2,1,서울교통공사,02-6110-4331,05:00~01:00,09-Jan,37.476825,126.981583,2018-02-28
공중화장실,사당(4)(지하2층환승통로),서울특별시동작구동작대로지하3,서울특별시동작구사당1동1112,N,5,4,1,0,0,0,10,1,0,서울교통공사,02-6110-4331,05:00~01:00,Jan-00,37.476825,126.981583,2018-02-28
공중화장실,산성,경기도성남시수정구수정로지하365,경기도성남시수정구수정로지하365,N,6,3,1,0,1,0,6,1,1,서울교통공사,02-6311-8211,05:00~01:00,13-Nov,37.470375,127.11793,2018-02-28
공중화장실,삼각지,서울특별시용산구한강대로지하180,서울특별시용산구한강로1가293,N,4,3,2,0,1,1,10,2,1,서울교통공사,02-6110-4281,05:00~01:00,10-Jan,37.534394,126.973014,2018-02-28
공중화장실,삼각지,서울특별시용산구한강대로지하185,서울특별시용산구한강대로지하185,N,7,5,1,0,0,0,4,1,0,서울교통공사,02-6311-6281,05:00~01:00,01-Jun,37.53563,126.974797,2018-02-28
공중화장실,삼산체육관,인천광역시부평구길주로지하713,인천광역시부평구길주로지하713,N,9,5,1,0,0,0,9,1,0,서울교통공사,02-6311-7571,05:00~01:00,12-Oct,37.506483,126.739835,2018-02-28
공중화장실,삼성,서울특별시강남구테헤란로지하538,서울특별시강남구삼성동172-82,N,4,8,2,0,0,1,13,2,0,서울교통공사,02-6110-2191,05:00~01:00,09-Jan,37.508826,127.063067,2018-02-28
공중화장실,상도,서울특별시동작구상도로지하272,서울특별시동작구상도로지하272,N,7,5,1,0,0,0,6,1,0,서울교통공사,02-6311-7391,05:00~01:00,01-Jan,37.503072,126.945564,2018-02-28
공중화장실,상동,경기도부천시원미구길주로지하104,경기도부천시원미구길주로지하104,N,7,4,1,0,0,0,11,1,0,서울교통공사,02-6311-7561,05:00~01:00,12-Oct,37.505802,126.750958,2018-02-28
공중화장실,상봉,서울특별시중랑구망우로297,서울특별시중랑구망우로297,N,13,8,1,0,1,0,14,1,1,서울교통공사,02-6311-7201,05:00~01:00,09-Oct,37.595254,127.083664,2018-02-28
공중화장실,상수,서울특별시마포구독막로지하85,서울특별시마포구독막로지하85,N,7,5,1,0,0,0,6,1,0,서울교통공사,02-6311-6231,05:00~01:00,01-Mar,37.547703,126.920759,2018-02-28
공중화장실,상계,서울특별시노원구상계로182,서울특별시노원구상계5동173,N,5,4,2,0,2,1,10,2,2,서울교통공사,02-6110-4101,05:00~01:00,10-Jan,37.661095,127.073526,2018-02-28
공중화장실,상왕십리,서울특별시성동구왕십리로지하374,서울특별시성동구하왕2동946-14,N,5,6,2,0,1,1,12,2,2,서울교통공사,02-6110-2071,05:00~01:00,06-Jan,37.563933,127.029793,2018-02-28
공중화장실,상월곡,서울특별시성북구화랑로지하157,서울특별시성북구화랑로지하157,N,10,6,1,0,0,0,8,1,0,서울교통공사,02-6311-6421,05:00~01:00,01-May,37.6066,127.046673,2018-02-28
공중화장실,상일동,서울특별시강동구고덕로지하359,서울특별시강동구고덕로지하359,N,8,5,1,0,1,0,8,1,1,서울교통공사,02-6311-5531,05:00~01:00,15-Dec,37.557055,127.166995,2018-02-28
공중화장실,새절,서울특별시은평구증산로지하400,서울특별시은평구증산로지하400,N,8,6,1,0,0,0,5,1,0,서울교통공사,02-6311-6161,05:00~01:00,01-Mar,37.591014,126.911393,2018-02-28
공중화장실,서대문,서울특별시종로구통일로지하126,서울특별시종로구통일로지하126,N,12,7,1,0,1,0,12,1,1,서울교통공사,02-6311-5321,05:00~01:00,09-Oct,37.56577,126.964461,2018-02-28
공중화장실,서울(1),서울특별시중구세종대로지하2,서울특별시중구봉래동2가122,N,4,4,1,0,0,0,4,1,0,서울교통공사,02-6110-1331,05:00~01:00,Jan-00,37.556878,126.972578,2018-02-28
공중화장실,서울(4),서울특별시용산구한강대로지하392,서울특별시용산구동자동14,N,3,3,1,0,0,0,3,1,0,서울교통공사,02-6110-4261,05:00~01:00,Jan-00,37.535982,126.971351,2018-02-28
공중화장실,서울대입구,서울특별시관악구남부순환로지하1822,서울특별시관악구봉천6동979-1,N,4,5,1,1,0,1,7,1,0,서울교통공사,02-6110-2281,05:00~01:00,06-Jan,37.481113,126.952634,2018-02-28
공중화장실,서초,서울특별시서초구서초대로지하233,서울특별시서초구서초3동1500,N,5,4,2,0,1,1,10,2,2,서울교통공사,02-6110-2241,05:00~01:00,10-Jan,37.492765,127.010541,2018-02-28
공중화장실,석계,서울특별시노원구화랑로지하347-1,서울특별시노원구화랑로지하347-1,N,7,4,1,0,0,0,7,1,0,서울교통공사,02-6311-6441,05:00~01:00,01-May,37.615233,127.064155,2018-02-28
공중화장실,석계,서울특별시노원구화랑로지하347-1,서울특별시노원구화랑로지하347-1,N,6,4,1,1,0,0,5,1,0,서울교통공사,02-6311-6441,05:00~01:00,01-May,37.615233,127.064155,2018-02-28
공중화장실,석촌,서울특별시송파구송파대로지하439,서울특별시송파구송파대로지하439,N,6,3,1,0,1,0,6,1,1,서울교통공사,02-6311-8151,05:00~01:00,09-Oct,37.505438,127.104792,2018-02-28
공중화장실,선릉,서울특별시강남구테헤란로지하340,서울특별시강남구삼성2동143-42,N,7,3,2,0,2,1,12,2,2,서울교통공사,02-6110-2201,05:00~01:00,13-Jan,37.508826,127.063067,2018-02-28
공중화장실,성수,서울특별시성동구아차산로100,서울특별시성동구성수2가300-1,N,4,3,2,0,0,1,12,2,0,서울교통공사,02-6110-2111,05:00~01:00,08-Jan,37.544601,127.056885,2018-02-28
공중화장실,성신여대입구,서울특별시성북구동소문로지하102,서울특별시성북구동선동4가1,N,6,5,2,0,2,1,13,2,2,서울교통공사,02-6110-4181,05:00~01:00,11-Jan,37.593048,127.016714,2018-02-28
공중화장실,송정,서울특별시강서구공항대로지하33,서울특별시강서구공항대로지하33,N,6,4,1,0,0,0,8,1,0,서울교통공사,02-6311-5131,05:00~01:00,05-Nov,36.344485,126.875648,2018-02-28
공중화장실,송파,서울특별시송파구송파대로지하354,서울특별시송파구송파대로지하354,N,8,5,1,0,1,0,8,1,1,서울교통공사,02-6311-8161,05:00~01:00,15-Dec,37.505438,127.098226,2018-02-28
공중화장실,수진,경기도성남시수정구산성대로지하200,경기도성남시수정구산성대로지하200,N,7,4,1,0,1,0,10,1,1,서울교통공사,02-6311-8251,05:00~01:00,12-Oct,37.437611,127.138831,2018-02-28
공중화장실,수락산,서울특별시노원구동일로지하1662,서울특별시노원구동일로지하1662,N,12,7,1,0,1,0,12,1,1,서울교통공사,02-6311-7111,05:00~01:00,09-Oct,37.677881,127.053104,2018-02-28
공중화장실,수서,서울특별시강남구광평로지하270,서울특별시강남구수서동439-2,N,4,4,2,0,1,1,9,2,1,서울교통공사,02-6110-3491,05:00~01:00,09-Jan,37.48735,127.101842,2018-02-28
공중화장실,수유,서울특별시강북구도봉로지하338,서울특별시강북구수유3동140,N,5,5,2,0,2,1,11,2,2,서울교통공사,02-6110-4141,05:00~01:00,10-Jan,37.639775,127.027208,2018-02-28
공중화장실,숙대입구,서울특별시용산구한강대로지하306,서울특별시용산구갈월동101,N,6,6,2,1,2,1,12,2,2,서울교통공사,02-6110-4271,05:00~01:00,12-Jan,37.545528,126.97197,2018-02-28
공중화장실,숭실대입구,서울특별시동작구상도로지하378,서울특별시동작구상도로지하378,N,11,8,1,0,0,0,10,1,0,서울교통공사,02-6311-7381,05:00~01:00,01-Jan,37.496374,126.951315,2018-02-28
공중화장실,시청(1),서울특별시중구세종대로지하101,서울특별시중구태평로1가31,N,7,4,2,0,2,1,16,2,2,서울교통공사,02-6110-1321,05:00~01:00,13-Jan,37.565682,126.976849,2018-02-28
공중화장실,시청(2)(지하1층),서울특별시중구서소문로127,서울특별시중구서소문동27,N,3,3,2,0,0,1,8,2,0,서울교통공사,02-6110-2011,05:00~01:00,08-Jan,37.561279,126.969321,2018-02-28
공중화장실,시청(2)(지하2층),서울특별시중구서소문로127,서울특별시중구서소문동27,N,3,4,1,0,0,0,4,1,0,서울교통공사,02-6110-2011,05:00~01:00,08-Jan,37.561279,126.969321,2018-02-28
공중화장실,신길,서울특별시영등포구경인로114가길지하9,서울특별시영등포구경인로114가길지하9,N,8,5,1,0,1,0,9,1,1,서울교통공사,02-6311-5251,05:00~01:00,15-Dec,37.517346,126.914221,2018-02-28
공중화장실,신당,서울특별시중구다산로지하260,서울특별시중구다산로지하260,N,5,3,1,0,1,0,5,1,1,서울교통공사,02-6311-6351,05:00~01:00,16-Nov,37.565671,127.017279,2018-02-28
공중화장실,신정,서울특별시양천구오목로지하179,서울특별시양천구오목로지하179,N,8,5,1,0,1,0,8,1,1,서울교통공사,02-6311-5191,05:00~01:00,09-Oct,37.524977,126.853975,2018-02-28
공중화장실,신풍,서울특별시영등포구신풍로지하27,서울특별시영등포구신풍로지하27,N,8,5,1,0,0,0,5,1,0,서울교통공사,02-6311-7431,05:00~01:00,01-Jan,37.50013,126.90678,2018-02-28
공중화장실,신흥,경기도성남시수정구산성대로지하280,경기도성남시수정구산성대로지하280,N,9,5,1,0,0,0,9,1,0,서울교통공사,02-6311-8241,05:00~01:00,07-Sep,37.440749,127.144161,2018-02-28
공중화장실,신금호,서울특별시성동구금호로지하154,서울특별시성동구금호로지하154,N,7,5,1,0,1,0,7,1,1,서울교통공사,02-6311-5381,05:00~01:00,09-Oct,37.554468,127.018605,2018-02-28
공중화장실,신답,서울특별시성동구천호대로232,서울특별시성동구용답동128,N,2,2,1,0,0,0,3,1,0,서울교통공사,02-6110-1351,05:00~01:00,03-Jan,37.569744,127.046945,2018-02-28
공중화장실,신당,서울특별시중구퇴계로지하431-1,서울특별시중구신당5동106-1,N,4,5,2,0,0,1,13,2,1,서울교통공사,02-6110-2061,05:00~01:00,08-Jan,37.565281,127.01664,2018-02-28
공중화장실,신대방,서울특별시동작구대림로2,서울특별시동작구신대방1동643-1,N,5,3,2,0,1,1,13,2,1,서울교통공사,02-6110-2311,05:00~01:00,11-Jan,37.48751,126.912991,2018-02-28
공중화장실,신대방,서울특별시동작구대림로2,서울특별시동작구대림로2,N,8,5,1,0,0,0,7,1,0,서울교통공사,02-6311-7411,05:00~01:00,01-Jan,37.487519,126.911093,2018-02-28
공중화장실,신도림(게이트내),서울특별시구로구새말로117-21,서울특별시구로구신도림동460-26,N,4,7,2,0,1,2,14,2,1,서울교통공사,02-6110-2341,05:00~01:00,11-Jan,37.508687,126.890903,2018-02-28
공중화장실,신도림(게이트외),서울특별시구로구새말로117-21,서울특별시구로구신도림동460-26,N,9,4,2,0,2,2,15,2,2,서울교통공사,02-6110-2341,05:00~01:00,11-Jan,37.508687,126.890903,2018-02-28
공중화장실,신림,서울특별시관악구남부순환로지하1614,서울특별시관악구신림본동1640-1,N,7,6,2,1,2,1,14,2,2,서울교통공사,02-6110-2301,05:00~01:00,10-Jan,37.484178,126.929789,2018-02-28
공중화장실,신사,서울특별시강남구도산대로지하102,서울특별시강남구신사동501,N,4,4,2,0,1,1,9,2,1,서울교통공사,02-6110-3371,05:00~01:00,09-Jan,37.516392,127.020307,2018-02-28
공중화장실,신설동(1),서울특별시동대문구왕산로지하1,서울특별시동대문구신설동97-75,N,6,3,2,0,1,1,11,2,1,서울교통공사,02-6110-1261,05:00~01:00,14-Jan,37.576087,127.02456,2018-02-28
공중화장실,신설동(2),서울특별시동대문구왕산로지하1,서울특별시동대문구신설동97-75,N,2,2,1,0,0,0,3,1,0,서울교통공사,02-6110-1371,05:00~01:00,06-Jan,37.576087,127.02456,2018-02-28
공중화장실,신용산,서울특별시용산구한강대로지하112,서울특별시용산구한강로2가181,N,4,7,1,0,0,0,7,1,0,서울교통공사,02-6110-4291,05:00~01:00,03-Jan,37.529364,126.968299,2018-02-28
공중화장실,신정네거리,서울특별시양천구중앙로지하261,서울특별시양천구신정3동1231,N,5,4,2,0,2,1,10,2,2,서울교통공사,02-6110-2461,05:00~01:00,10-Jan,37.518294,126.853619,2018-02-28
공중화장실,신중동,경기도부천시원미구길주로지하314,경기도부천시원미구길주로지하314,N,9,6,1,0,0,0,14,1,0,서울교통공사,02-6311-7541,05:00~01:00,12-Oct,37.503052,126.773771,2018-02-28
공중화장실,신천,서울특별시송파구올림픽로지하140,서울특별시송파구잠실본동5,N,6,4,2,0,2,1,12,2,2,서울교통공사,02-6110-2171,05:00~01:00,10-Jan,37.511568,127.090608,2018-02-28
공중화장실,신촌,서울특별시마포구신촌로지하90,서울특별시마포구노고산동31-11,N,4,7,2,0,0,1,12,2,1,서울교통공사,02-6110-2401,05:00~01:00,08-Jan,37.554667,126.9375,2018-02-28
공중화장실,쌍문,서울특별시도봉구도봉로지하486-1,서울특별시도봉구창1동659-12,N,5,7,1,0,0,0,6,1,0,서울교통공사,02-6110-4131,05:00~01:00,02-Jan,37.648811,127.034866,2018-02-28
공중화장실,아차산,서울특별시광진구천호대로지하657,서울특별시광진구천호대로지하657,N,7,4,1,0,1,0,7,1,1,서울교통공사,02-6311-5451,05:00~01:00,15-Dec,37.551959,127.087363,2018-02-28
공중화장실,아현,서울특별시마포구신촌로지하270,서울특별시마포구아현2동329,N,4,2,2,0,2,1,7,2,2,서울교통공사,02-6110-2421,05:00~01:00,09-Jan,37.55589,126.955661,2018-02-28
공중화장실,안암,서울특별시성북구인촌로지하89,서울특별시성북구인촌로지하89,N,6,4,1,0,0,0,4,1,0,서울교통공사,02-6311-6391,05:00~01:00,01-Jan,37.587422,127.029258,2018-02-28
공중화장실,안암,서울특별시성북구인촌로지하89,서울특별시성북구인촌로지하89,N,6,4,0,0,0,0,6,0,0,서울교통공사,02-6311-6391,05:00~01:00,01-Jan,37.587422,127.029258,2018-02-28
공중화장실,안국,서울특별시종로구율곡로지하62,서울특별시종로구안국동148,N,5,4,2,0,1,1,9,2,2,서울교통공사,02-6110-3281,05:00~01:00,12-Jan,37.576696,126.985804,2018-02-28
공중화장실,암사,서울특별시강동구올림픽로지하776,서울특별시강동구올림픽로지하776,N,12,9,1,0,0,0,10,1,0,서울교통공사,02-6311-8101,05:00~01:00,Aug-99,37.550646,127.125659,2018-02-28
공중화장실,압구정,서울특별시강남구압구정로지하172,서울특별시강남구압구정동668,N,4,5,2,0,1,1,10,2,1,서울교통공사,02-6110-3361,05:00~01:00,09-Jan,37.523526,127.028326,2018-02-28
공중화장실,애오개,서울특별시마포구마포대로지하210,서울특별시마포구마포대로지하210,N,9,5,1,0,1,0,9,1,1,서울교통공사,02-6311-5301,05:00~01:00,12-Oct,37.55359,126.95455,2018-02-28
공중화장실,약수,서울특별시중구다산로지하115,서울특별시중구다산로지하115,N,8,5,1,0,0,0,4,1,0,서울교통공사,02-6311-6331,05:00~01:00,01-Aug,37.553465,127.009158,2018-02-28
공중화장실,약수,서울특별시중구다산로지하122,서울특별시중구신당3동373-13,N,6,8,2,1,1,0,9,2,0,서울교통공사,02-6110-3331,05:00~01:00,07-Jan,37.55438,127.011016,2018-02-28
공중화장실,양평,서울특별시영등포구양산로지하21,서울특별시영등포구양산로지하21,N,7,4,1,0,1,0,8,1,1,서울교통공사,02-6311-5221,05:00~01:00,09-Oct,37.509109,127.049088,2018-02-28
공중화장실,양재,서울특별시서초구남부순환로지하2585,서울특별시서초구양재1동산27-2,N,3,4,1,0,0,0,3,1,0,서울교통공사,02-6110-3421,05:00~01:00,Jan-00,37.484761,127.033371,2018-02-28
공중화장실,양천구청,서울특별시양천구목동로3길지하33,서울특별시양천구신정7동165-1,N,5,3,2,0,1,1,10,2,1,서울교통공사,02-6110-2451,05:00~01:00,14-Jan,37.512518,126.865711,2018-02-28
공중화장실,어린이대공원,서울특별시광진구능동로지하210,서울특별시광진구능동로지하210,N,11,7,1,0,1,0,11,1,1,서울교통공사,02-6311-7261,05:00~01:00,09-Oct,37.547905,127.072404,2018-02-28
공중화장실,여의나루,서울특별시영등포구여의동로지하343,서울특별시영등포구여의동로지하343,N,15,10,1,0,1,0,15,1,1,서울교통공사,02-6311-5271,05:00~01:00,08-Dec,37.527141,126.930621,2018-02-28
공중화장실,여의도,서울특별시영등포구여의나루로지하40,서울특별시영등포구여의나루로지하40,N,13,8,1,0,0,0,11,1,0,서울교통공사,02-6311-5261,05:00~01:00,05-Oct,37.52157,126.922123,2018-02-28
공중화장실,역촌,서울특별시은평구서오릉로지하63,서울특별시은평구서오릉로지하63,N,8,6,1,0,0,0,4,1,0,서울교통공사,02-6311-6111,05:00~01:00,01-Mar,37.60515,126.919893,2018-02-28
공중화장실,역삼,서울특별시강남구테헤란로지하156,서울특별시강남구역삼1동737,N,4,4,2,0,0,0,9,2,0,서울교통공사,02-6110-2211,05:00~01:00,06-Jan,37.498128,127.028303,2018-02-28
공중화장실,연신내,서울특별시은평구통일로지하849,서울특별시은평구갈현동439,N,3,6,0,0,0,0,4,0,0,서울교통공사,02-6110-3211,05:00~01:00,Jan-00,37.618888,126.920832,2018-02-28
공중화장실,연신내,서울특별시은평구통일로지하849,서울특별시은평구통일로지하849,N,7,3,0,0,0,0,7,0,0,서울교통공사,,05:00~01:00,01-Mar,37.618812,126.918653,2018-02-28
공중화장실,영등포구청,서울특별시영등포구당산로지하121,서울특별시영등포구당산동3가385,N,6,8,2,0,1,1,14,2,1,서울교통공사,02-6110-2361,05:00~01:00,09-Jan,37.525656,126.896614,2018-02-28
공중화장실,영등포구청,서울특별시영등포구양산로지하116,서울특별시영등포구양산로지하116,N,6,3,1,0,0,0,8,1,0,서울교통공사,02-6311-5231,05:00~01:00,11-Aug,37.526714,126.893067,2018-02-28
공중화장실,영등포시장,서울특별시영등포구양산로지하200,서울특별시영등포구양산로지하200,N,9,5,1,0,1,0,9,1,1,서울교통공사,02-6311-5241,05:00~01:00,10-Nov,37.521638,126.902798,2018-02-28
공중화장실,오금,서울특별시송파구오금로지하321,서울특별시송파구오금로지하321,N,5,3,1,0,1,0,5,1,1,서울교통공사,02-6311-5571,05:00~01:00,14-Oct,37.502234,127.126165,2018-02-28
공중화장실,오금(게이트내),서울특별시송파구오금로지하321,서울특별시송파구오금동44-2번지,N,3,1,0,0,1,0,3,0,1,서울교통공사,02-6110-3521,05:00~01:00,10-Jan,37.503246,127.126342,2018-02-28
공중화장실,오금(게이트외),서울특별시송파구오금로지하321,서울특별시송파구오금동44-2번지,N,4,2,2,0,1,1,12,2,1,서울교통공사,02-6110-3521,05:00~01:00,10-Jan,37.503246,127.126342,2018-02-28
공중화장실,오목교,서울특별시양천구오목로지하342,서울특별시양천구오목로지하342,N,7,5,1,0,0,0,5,1,0,서울교통공사,02-6311-5211,05:00~01:00,04-Dec,37.524553,126.872861,2018-02-28
공중화장실,옥수(2층),서울특별시성동구동호로21,서울특별시성동구옥수동168-1,N,3,4,0,0,0,0,0,0,0,서울교통공사,02-6110-3351,05:00~01:00,Jan-00,37.546675,127.016245,2018-02-28
공중화장실,옥수(3층금호역측),서울특별시성동구동호로21,서울특별시성동구옥수동168-1,N,2,4,1,0,0,0,2,1,0,서울교통공사,02-6110-3351,05:00~01:00,Jan-00,37.546675,127.016245,2018-02-28
공중화장실,옥수(3층환승통로측),서울특별시성동구동호로21,서울특별시성동구옥수동168-1,N,3,4,1,0,0,1,7,1,0,서울교통공사,02-6110-3351,05:00~01:00,02-Jan,37.546675,127.016245,2018-02-28
공중화장실,온수,서울특별시구로구경인로3길지하64,서울특별시구로구경인로3길지하64,N,8,5,1,0,0,0,7,1,0,서울교통공사,02-6311-7501,05:00~01:00,Jan-00,37.492151,126.821446,2018-02-28
공중화장실,올림픽공원,서울특별시송파구양재대로지하1233,서울특별시송파구양재대로지하1233,N,6,3,1,0,1,0,6,1,1,서울교통공사,02-6311-5551,05:00~01:00,10-Nov,37.516628,127.128901,2018-02-28
공중화장실,왕십리,서울특별시성동구왕십리로지하300,서울특별시성동구행당1동246,N,4,4,2,0,0,0,9,2,0,서울교통공사,02-6110-2081,05:00~01:00,09-Jan,37.562259,127.037228,2018-02-28
공중화장실,왕십리,서울특별시성동구왕십리로지하300,서울특별시성동구왕십리로지하300,N,9,5,1,0,1,0,14,1,1,서울교통공사,02-6311-5401,05:00~01:00,10-Nov,37.557983,127.018657,2018-02-28
공중화장실,용답,서울특별시성동구용답길86,서울특별시성동구용답동127,N,2,2,1,0,0,0,3,1,0,서울교통공사,02-6110-1341,05:00~01:00,06-Jan,37.558689,127.053172,2018-02-28
공중화장실,용두(내선대합실),서울특별시동대문구천호대로지하129,서울특별시동대문구용두동47-1,N,2,2,2,0,0,1,4,2,0,서울교통공사,02-6110-1361,05:00~01:00,05-Jan,37.573858,127.03799,2018-02-28
공중화장실,용두(내선승강장),서울특별시동대문구천호대로지하129,서울특별시동대문구용두동47-1,N,1,1,0,0,0,0,3,0,0,서울교통공사,02-6110-1361,05:00~01:00,05-Jan,37.573858,127.03799,2018-02-28
공중화장실,용두(외선대합실),서울특별시동대문구천호대로지하129,서울특별시동대문구용두동47-1,N,2,2,2,0,0,1,5,2,0,서울교통공사,02-6110-1361,05:00~01:00,05-Jan,37.573858,127.03799,2018-02-28
공중화장실,용두(외선승강장),서울특별시동대문구천호대로지하129,서울특별시동대문구용두동47-1,N,1,1,0,0,0,0,3,0,0,서울교통공사,02-6110-1361,05:00~01:00,05-Jan,37.573858,127.03799,2018-02-28
공중화장실,용마산,서울특별시중랑구용마산로지하227,서울특별시중랑구용마산로지하227,N,9,5,1,0,1,0,9,1,1,서울교통공사,02-6311-7231,05:00~01:00,09-Jul,37.573793,127.084629,2018-02-28
공중화장실,우장산,서울특별시강서구강서로지하262,서울특별시강서구강서로지하262,N,6,3,1,0,1,0,6,1,1,서울교통공사,02-6311-5161,05:00~01:00,09-Oct,37.558683,126.82884,2018-02-28
공중화장실,월곡,서울특별시성북구월곡로지하107,서울특별시성북구월곡로지하107,N,11,8,1,0,0,0,7,1,0,서울교통공사,02-6311-6411,05:00~01:00,01-Aug,37.601925,127.039341,2018-02-28
공중화장실,월드컵경기장,서울특별시마포구월드컵로지하240,서울특별시마포구월드컵로지하240,N,13,8,1,0,0,0,8,1,0,서울교통공사,02-6311-6191,05:00~01:00,01-Mar,37.569656,126.896869,2018-02-28
공중화장실,월드컵경기장,서울특별시마포구월드컵로지하240,서울특별시마포구월드컵로지하240,N,13,9,1,0,0,0,7,1,0,서울교통공사,02-6311-6191,05:00~01:00,01-Mar,37.569656,126.896869,2018-02-28
공중화장실,을지로3가(2),서울특별시중구을지로지하106,서울특별시중구을지로3가70-1,N,5,7,2,0,1,1,14,2,1,서울교통공사,02-6110-2031,05:00~01:00,09-Jan,37.566171,126.990203,2018-02-28
공중화장실,을지로3가(3),서울특별시중구을지로지하129,서울특별시중구을지로3가118,N,3,5,1,0,0,0,3,1,0,서울교통공사,02-6110-3301,05:00~01:00,Jan-00,37.566412,126.994185,2018-02-28
공중화장실,을지로4가,서울특별시중구창경궁로지하51,서울특별시중구창경궁로지하51,N,8,4,1,0,1,0,8,1,1,서울교통공사,02-6311-5351,05:00~01:00,10-Nov,37.567015,126.995642,2018-02-28
공중화장실,을지로4가(2),서울특별시중구을지로지하178,서울특별시중구을지로4가261,N,7,3,2,0,2,1,12,2,2,서울교통공사,02-6110-2041,05:00~01:00,12-Jan,37.566489,126.996528,2018-02-28
공중화장실,을지로입구,서울특별시중구을지로지하42,서울특별시중구을지로1가89-1,N,4,5,2,0,0,0,10,2,0,서울교통공사,02-6110-2021,05:00~01:00,09-Jan,37.566066,126.982022,2018-02-28
공중화장실,응암,서울특별시은평구증산로지하477,서울특별시은평구증산로지하477,N,7,4,1,0,1,0,7,1,1,서울교통공사,02-6311-6101,05:00~01:00,01-Mar,37.598472,126.913403,2018-02-28
공중화장실,이수,서울특별시동작구사당로지하310,서울특별시동작구사당로지하310,N,9,6,1,0,0,0,6,1,0,서울교통공사,02-6311-7361,05:00~01:00,01-Jan,37.485936,126.979819,2018-02-28
공중화장실,이수,서울특별시동작구사당로지하310,서울특별시동작구사당로지하310,N,9,6,1,0,0,0,7,1,0,서울교통공사,02-6311-7361,05:00~01:00,01-Jan,37.485936,126.979819,2018-02-28
공중화장실,이대,서울특별시마포구신촌로지하180,서울특별시마포구대흥동2,N,5,4,1,0,0,0,12,1,0,서울교통공사,02-6110-2411,05:00~01:00,01-Jan,37.556813,126.947712,2018-02-28
공중화장실,이촌,서울특별시용산구서빙고로지하83,서울특별시용산구용산동5가17,N,5,3,2,0,1,1,12,2,1,서울교통공사,02-6110-4301,05:00~01:00,09-Jan,37.522481,126.973671,2018-02-28
공중화장실,이태원,서울특별시용산구이태원로지하177,서울특별시용산구이태원로지하177,N,8,5,1,0,0,0,5,1,0,서울교통공사,02-6311-6301,05:00~01:00,10-Nov,37.534533,126.99239,2018-02-28
공중화장실,일원,서울특별시강남구일원로지하121,서울특별시강남구일원본동214,N,4,6,1,0,0,0,5,1,0,서울교통공사,02-6110-3481,05:00~01:00,06-Jan,37.483953,127.084413,2018-02-28
공중화장실,잠실,서울특별시송파구올림픽로305,서울특별시송파구올림픽로305,N,10,6,1,0,1,0,14,1,1,서울교통공사,02-6311-8141,05:00~01:00,14-Jul,37.513152,127.101221,2018-02-28
공중화장실,잠실,서울특별시송파구올림픽로지하265,서울특별시송파구잠실5동27,N,8,10,2,0,2,1,19,2,2,서울교통공사,02-6110-2161,05:00~01:00,09-Jan,37.517661,127.074659,2018-02-28
공중화장실,잠실나루,서울특별시송파구오금로20,서울특별시송파구신천동1,N,6,3,2,0,2,1,10,2,2,서울교통공사,02-6110-2151,05:00~01:00,10-Jan,37.518622,127.1049,2018-02-28
공중화장실,잠원,서울특별시서초구잠원로4길지하46,서울특별시서초구잠원동65-17,N,5,5,1,0,0,0,5,1,0,서울교통공사,02-6110-3381,05:00~01:00,03-Jan,37.513082,127.011857,2018-02-28
공중화장실,장암,경기도의정부시동일로121,경기도의정부시동일로121,N,5,3,1,0,1,0,5,1,1,서울교통공사,02-6311-7091,05:00~01:00,15-Dec,37.699655,127.050087,2018-02-28
공중화장실,장지,서울특별시송파구송파대로지하82,서울특별시송파구송파대로지하82,N,16,10,1,0,0,0,17,1,0,서울교통공사,02-6311-8191,05:00~01:00,08-Dec,37.482299,127.124225,2018-02-28
공중화장실,장승배기,서울특별시동작구상도로지하188,서울특별시동작구상도로지하188,N,10,7,1,0,0,0,7,1,0,서울교통공사,02-6311-7401,05:00~01:00,01-Jan,37.504905,126.937002,2018-02-28
공중화장실,장한평,서울특별시동대문구천호대로지하405,서울특별시동대문구천호대로지하405,N,8,5,1,0,0,0,8,1,0,서울교통공사,02-6311-5431,05:00~01:00,06-Jul,37.561472,127.062468,2018-02-28
공중화장실,제기동,서울특별시동대문구왕산로지하93,서울특별시동대문구제기동51,N,7,5,2,0,2,1,13,2,2,서울교통공사,02-6110-1251,05:00~01:00,10-Jan,37.578163,127.034687,2018-02-28
공중화장실,종각,서울특별시종로구종로지하55,서울특별시종로구종로1가44,N,5,5,2,0,0,1,16,2,1,서울교통공사,02-6110-1311,05:00~01:00,08-Jan,37.570175,126.983226,2018-02-28
공중화장실,종로3가,서울특별시종로구돈화문로11길지하26,서울특별시종로구돈화문로11길지하26,N,11,6,1,0,1,0,13,1,1,서울교통공사,02-6311-5341,05:00~01:00,12-Oct,37.5715,126.989059,2018-02-28
공중화장실,종로3가(1)(역무실앞),서울특별시종로구종로지하129,서울특별시종로구종로3가61-68,N,4,3,2,0,1,0,9,2,1,서울교통공사,02-6110-1301,05:00~01:00,02-Jan,37.570384,126.992008,2018-02-28
공중화장실,종로3가(1)(종각역측),서울특별시종로구종로지하129,서울특별시종로구종로3가61-68,N,6,5,2,0,2,1,13,2,2,서울교통공사,02-6110-1301,05:00~01:00,10-Jan,37.570384,126.992008,2018-02-28
공중화장실,종로3가(3)(지하2층),서울특별시종로구돈화문로지하30,서울특별시종로구묘동59,N,2,1,0,0,0,0,2,0,0,서울교통공사,02-6110-3291,05:00~01:00,10-Jan,37.571196,126.991959,2018-02-28
공중화장실,종로3가(3)(지하3층),서울특별시종로구돈화문로지하30,서울특별시종로구묘동59,N,5,5,2,1,1,1,15,2,2,서울교통공사,02-6110-3291,05:00~01:00,01-Jan,37.571196,126.991959,2018-02-28
공중화장실,종로5가,서울특별시종로구종로지하216,서울특별시종로구종로5가124-8,N,4,3,2,0,1,0,9,2,1,서울교통공사,02-6110-1291,05:00~01:00,14-Jan,37.570866,127.001906,2018-02-28
공중화장실,종합운동장(삼성역측),서울특별시송파구올림픽로지하23,서울특별시송파구잠실1동1-236,N,6,4,2,0,2,1,11,2,2,서울교통공사,02-6110-2181,05:00~01:00,Jan-00,37.511568,127.090608,2018-02-28
공중화장실,종합운동장(신천역측),서울특별시송파구올림픽로지하23,서울특별시송파구잠실1동1-236,N,9,13,1,0,0,0,14,1,0,서울교통공사,02-6110-2181,05:00~01:00,10-Jan,37.511568,127.090608,2018-02-28
공중화장실,중계,서울특별시노원구동일로지하1308-1,서울특별시노원구동일로지하1308-1,N,11,6,1,0,1,0,11,1,1,서울교통공사,02-6311-7141,05:00~01:00,14-Oct,37.645494,127.061718,2018-02-28
공중화장실,중곡,서울특별시광진구능동로지하417,서울특별시광진구능동로지하417,N,8,4,1,0,1,0,8,1,1,서울교통공사,02-6311-7241,05:00~01:00,12-Oct,37.565535,127.081897,2018-02-28
공중화장실,중화,서울특별시중랑구동일로지하797,서울특별시중랑구동일로지하797,N,7,4,1,0,1,0,8,1,1,서울교통공사,02-6311-7191,05:00~01:00,09-Jul,37.602572,127.077096,2018-02-28
공중화장실,증산,서울특별시은평구증산로지하306,서울특별시은평구증산로지하306,N,12,8,1,0,0,0,12,1,0,서울교통공사,02-6311-6171,05:00~01:00,01-Mar,37.583933,126.907497,2018-02-28
공중화장실,창신,서울특별시종로구지봉로지하112,서울특별시종로구지봉로지하112,N,8,5,1,0,0,0,6,1,0,서울교통공사,02-6311-6371,05:00~01:00,01-Jan,37.579361,127.013092,2018-02-28
공중화장실,창동,서울특별시도봉구마들로11길77,서울특별시도봉구창5동135,N,5,7,2,0,1,1,18,2,1,서울교통공사,02-6110-4121,05:00~01:00,09-Jan,37.653186,127.048114,2018-02-28
공중화장실,천왕,서울특별시구로구오리로지하1154,서울특별시구로구오리로지하1154,N,7,4,1,0,0,0,4,1,0,서울교통공사,02-6311-7491,05:00~01:00,Jan-00,37.486686,126.836492,2018-02-28
공중화장실,천호,서울특별시강동구천호대로지하997,서울특별시강동구천호대로지하997,N,16,11,1,0,1,0,16,1,1,서울교통공사,02-6311-5471,05:00~01:00,09-Jul,37.538462,127.122905,2018-02-28
공중화장실,철산,경기도광명시철산로지하13,경기도광명시철산로지하13,N,7,5,1,0,0,0,7,1,0,서울교통공사,02-6311-7471,05:00~01:00,Apr-00,37.479597,126.873322,2018-02-28
공중화장실,청담,서울특별시강남구학동로지하508,서울특별시강남구학동로지하508,N,16,12,1,0,0,0,14,1,0,서울교통공사,02-6311-7291,05:00~01:00,01-Feb,37.51912,127.049748,2018-02-28
공중화장실,청구(6),서울특별시중구청구로지하77,서울특별시중구청구로지하77,N,8,5,1,0,0,0,7,1,0,서울교통공사,02-6311-5371,05:00~01:00,01-Aug,37.557424,127.009814,2018-02-28
공중화장실,청량리,서울특별시동대문구왕산로지하205,서울특별시동대문구전농2동620-69,N,2,2,0,0,0,0,2,0,0,서울교통공사,02-6110-1241,05:00~01:00,10-Jan,37.579984,127.045547,2018-02-28
공중화장실,총신대입구,서울특별시동작구동작대로지하117,서울특별시동작구사당2동9-31,N,3,3,1,0,0,0,3,1,0,서울교통공사,02-6110-1460,05:00~01:00,Jan-00,37.487514,126.982162,2018-02-28
공중화장실,춘의,경기도부천시원미구길주로지하406,경기도부천시원미구길주로지하406,N,8,5,1,0,0,0,12,1,0,서울교통공사,02-6311-7531,05:00~01:00,12-Oct,37.50371,126.78489,2018-02-28
공중화장실,충무로,서울특별시중구퇴계로지하199,서울특별시중구충무로4가125,N,7,4,2,0,0,1,16,2,1,서울교통공사,02-6110-4231,05:00~01:00,12-Jan,37.561159,126.994398,2018-02-28
공중화장실,충정로,서울특별시서대문구서소문로지하17,서울특별시서대문구충정로3가295-60,N,3,5,2,0,0,0,4,2,0,서울교통공사,02-6110-2431,05:00~01:00,Jan-98,37.559493,126.963818,2018-02-28
공중화장실,충정로,서울특별시서대문구충정로지하28-1,서울특별시서대문구충정로지하28-1,N,5,3,1,0,1,0,5,1,1,서울교통공사,02-6311-5311,05:00~01:00,12-Oct,37.560055,126.961483,2018-02-28
공중화장실,태릉입구(6),서울특별시노원구동일로지하992-1,서울특별시노원구동일로지하992-1,N,9,5,1,1,0,0,6,1,1,서울교통공사,02-6311-7171,05:00~01:00,01-Jan,37.617909,127.072846,2018-02-28
공중화장실,태릉입구(7),서울특별시노원구동일로지하992-1,서울특별시노원구동일로지하992-1,N,7,4,1,0,1,0,8,1,1,서울교통공사,02-6311-7171,05:00~01:00,13-Nov,37.617909,127.072846,2018-02-28
공중화장실,하계,서울특별시노원구동일로지하1196,서울특별시노원구동일로지하1196,N,10,6,1,0,1,0,11,1,1,서울교통공사,02-6311-7151,05:00~01:00,09-Oct,37.63595,127.066024,2018-02-28
공중화장실,학동,서울특별시강남구학동로지하180,서울특별시강남구학동로지하180,N,9,6,1,0,0,0,8,1,0,서울교통공사,02-6311-7311,05:00~01:00,01-Feb,37.515323,127.027744,2018-02-28
공중화장실,학여울,서울특별시강남구남부순환로지하3104,서울특별시강남구대치동514,N,4,5,1,0,0,0,6,1,0,서울교통공사,02-6110-3461,05:00~01:00,06-Jan,37.496679,127.071705,2018-02-28
공중화장실,한강진,서울특별시용산구이태원로지하287,서울특별시용산구이태원로지하287,N,11,8,1,0,0,0,10,1,0,서울교통공사,02-6311-6311,05:00~01:00,01-Aug,37.539518,126.999547,2018-02-28
공중화장실,한성대,서울특별시성북구삼선교로지하1,서울특별시성북구삼선동1가14,N,5,7,1,0,0,0,5,1,0,서울교통공사,02-6110-4191,05:00~01:00,03-Jan,37.588021,127.005797,2018-02-28
공중화장실,한양대,서울특별시성동구왕십리로206,서울특별시성동구행당동산17,N,6,8,2,0,2,1,16,2,2,서울교통공사,02-6110-2091,05:00~01:00,10-Jan,37.555259,127.043658,2018-02-28
공중화장실,합정,서울특별시마포구양화로지하45,서울특별시마포구양화로지하45,N,7,5,1,0,1,0,5,1,1,서울교통공사,02-6311-6221,05:00~01:00,01-Mar,37.549575,126.911802,2018-02-28
공중화장실,합정,서울특별시마포구양화로지하55,서울특별시마포구서교동393,N,3,5,2,0,0,1,16,2,1,서울교통공사,02-6110-2381,05:00~01:00,08-Jan,37.550008,126.914504,2018-02-28
공중화장실,행당,서울특별시성동구행당로지하89,서울특별시성동구행당로지하89,N,9,5,1,0,1,0,9,1,1,서울교통공사,02-6311-5391,05:00~01:00,09-Oct,37.557983,127.026318,2018-02-28
공중화장실,혜화,서울특별시종로구대학로지하120,서울특별시종로구명륜동4가1,N,6,5,2,0,1,1,11,2,1,서울교통공사,02-6110-4201,05:00~01:00,09-Jan,37.581893,127.001953,2018-02-28
공중화장실,홍대입구,서울특별시마포구양화로지하160,서울특별시마포구동교동165,N,4,5,1,0,0,1,8,1,0,서울교통공사,02-6110-2391,05:00~01:00,11-Jan,37.556729,126.923642,2018-02-28
공중화장실,홍제,서울특별시서대문구통일로지하440-1,서울특별시서대문구홍제동330-66,N,4,4,2,0,0,1,11,2,1,서울교통공사,02-6110-3241,05:00~01:00,08-Jan,37.588672,126.944227,2018-02-28
공중화장실,화곡,서울특별시강서구화곡로지하168,서울특별시강서구화곡로지하168,N,11,7,1,0,1,0,11,1,1,서울교통공사,02-6311-5171,05:00~01:00,09-Jul,37.541578,126.838247,2018-02-28
공중화장실,화랑대,서울특별시노원구화랑로지하510,서울특별시노원구화랑로지하510,N,14,10,1,1,1,0,13,1,1,서울교통공사,02-6311-6461,05:00~01:00,01-Jan,37.62187,127.086099,2018-02-28
공중화장실,회현,서울특별시중구퇴계로지하54,서울특별시중구남창동46,N,5,6,2,1,1,1,12,2,2,서울교통공사,02-6110-4251,05:00~01:00,12-Jan,37.55903,126.977252,2018-02-28
공중화장실,효창공원앞,서울특별시용산구백범로지하287,서울특별시용산구백범로지하287,N,8,5,1,0,0,0,8,1,0,서울교통공사,02-6311-6271,05:00~01:00,01-Jun,37.539289,126.95915,2018-02-28
